"	Tonight  A Lonely Century	"
"	DD Groove	"
"	Slow Burn	"
"	Nothing Much	"
"	Hustle	"
"	Dirt Rhodes	"
"	Stormy Blues	"
"	Rebel Blues	"
"	Oh Kiss No	"
"	Fjcb Reddit Gtr Fills Mix	"
"	Beat The Devil's Tattoo (Live @ KEXP)	"
"	Vultures	"
"	Blues Shuffle in A One Take Improv Exercise	"
"	My War Blues	"
"	The Holy Feele	"
"	Workin Boy Blues	"
"	RL Got Soul	"
"	All is Right	"
"	Princely & Comely	"
"	Apoli	"
"	Afro	"
"	Ramblin' Rose	"
"	You And Me Baby (Holding On) (Live @ KEXP)	"
"	Like Nothing Else	"
"	A Cinematic Influence	"
"	PuritansToo "
"	Walkabout	"
"	Untitled 05	"
"	Shes Too Fat	"
"	Boulevard St Germain	"
"	Our Sacred Cues	"
"	Our Nights on the Turnpike	"
"	Railroad's Whiskey Co	"
"	Fathers Tell Yr Sons "
"	Recognize An Hour Divine	"
"	Owed to Old Poets  Our Role in the Play	"
"	Broken	"
"	Baby Please Don't Go "
"	Fafa	"
"	Nothing's Any Fun Any More	"
"	The Truth Is What We Make of It	"
"	Heat Index	"
"	Baby's Got Morphine Eyes	"
"	Jungle Love Revisited	"
"	Bellbottoms	"
"	Gadzooks	"
"	Sixes & Sevens (Excerpt)	"
"	Keep Your Lamp Trimmed And Burning [traditional]	"
"	Deportee	"
"	The Daily Dose Age	"
"	Bona Fide	"
"	Lalalala	"
"	Interview	"
"	Untitled 07	"
"	Yr Blues Tripping	"
"	How to go to sleep	"
"	No Holiday	"
"	Roulette	"
"	The Newest Fashions	"
"	Goin On	"
"	If You Love Me Like You Say	"
"	Swallow Me Up	"
"	Out Of Our Heads	"
"	Eat at Joe's	"
"	Untitled 04	"
"	We All Fall Down	"
"	Common Experiences Man "
"	Wood For The Trees	"
"	One	"
"	Further	"
"	Waitin' (Live @ KEXP)	"
"	Old Strange	"
"	Aces and Twos (Live @ KEXP)	"
"	The Index of Memory	"
"	Chamber Blues' Tidal Band Presents	"
"	Least the Ocean is Wet	"
"	Electricity	"
"	Untitled 01	"
"	Ben Jonson's Blues	"
"	Girl Might Do	"
"	Wander In A Dream	"
"	We Three Kings	"
"	Giving Away The Bride (Live @ KEXP)	"
"	You're the Wave  Wander!	"
"	(Come On and Feele) The Faith in Me	"
"	Drop Down Low	"
"	Big Mamou	"
"	(Shuffling Towards) Art's Holy Shrine	"
"	Inne (Live @ KEXP)	"
"	Bip Bop Bip	"
"	Mistress Song	"
"	Queen of Loneliness	"
"	America	"
"	Ethio Song	"
"	Mr Franklin	"
"	The not so flashy Exit	"
"	The Attack of Ev'ry Time	"
"	Awei Womei (Live @ KEXP)	"
"	The Banks of Eternity	"
"	Songtress' Sweet Song	"
"	Le petit jardin (with Les Gauchers Orchestra)	"
"	Sunset	"
"	Veloma	"
"	Sneeuwland	"
"	Strides	"
"	Wonderland (Instrumental)	"
"	Aleph	"
"	Summers Coming	"
"	O Solitude (H	"
"	Fourth	"
"	 I	"
"	Encounters With Abusive Men	"
"	Shaking Off The Rust	"
"	 Carosello	"
"	Aux puces n¬∫5	"
"	The Passing of Time	"
"	The Forest and the Trees	"
"	Nine	"
"	Bending Light Infinity version	"
"	Gagool	"
"	Bow to Your Neighbor (Excerpt)	"
"	Pacifico	"
"	The Tea Party	"
"	Blizzard	"
"	Ouverture	"
"	Cyprus	"
"	Wheel of fortune (with Les Gauchers Orchestra)	"
"	Opening Doors	"
"	5 00 AM	"
"	Awaken From A Nightmare	"
"	 Suite for Violin 9 Hora vivace"
"	O Fortuna	"
"	Le bal de R√©my	"
"	Caught In A Realm	"
"	Row Night	"
"	Stop It (Instrumental)	"
"	 Les chaises Louis XVI	"
"	Funeral March for Brass	"
"	Black Coffee	"
"	 La Flor de Olmedo	"
"	That Kid in Fourth Grade Who Really Liked the Denver Broncos	"
"	The Temperature of the Air on the Bow of the Kaleetan	"
"	Ease	"
"	War And Peace	"
"	Don't You Want to Go to Heaven Uncle Sam  "
"	Six	"
"	O Come O Come Emmanuel	"
"	Uno Is Walking	"
"	The Time To Run	"
"	Bridging and Mending	"
"	A Muddy Heart	"
"	Dedicated to Elizabeth Cotten (with Matt Bauder)	"
"	imagined version)	"
"	Ghost Dance	"
"	Nights Tale	"
"	Other Child Room	"
"	Tom's Lullaby (with Les Gauchers Orchestra)	"
"	Wild Rover with Bellevue Chamber Chorus	"
"	Virtutes Instrumenti	"
"	Variatio 14 a 2 Clav	"
"	Lucky	"
"	Hands	"
"	Reminiscence	"
"	Golden Alley Reprise	"
"	Borodin Butterfly	"
"	Eight	"
"	Red Danube	"
"	Spring Mvt 1 Allegro	"
"	Les crocodiles mangent aussi les bonshommes Wizzards	"
"	God Rest Ye Merry Gentlemen	"
"	WATCHING IT SNOW WHILE THINKING OF YOU	"
"	Sinfonia di Violoncello e AM RadioFinitura"
"	Prelude No	"
"	Unisons	"
"	Notebook Reading	"
"	Leave Well Enough Alone (Instrumental)	"
"	Amazing Grace 2011	"
"	 Suite for Violin 8 Ardeleneascamoderato "
"	After Christmas	"
"	My Song For January	"
"	Graveyard Illusions	"
"	Blue sox	"
"	In A Party Watching A Party	"
"	On Things Invisible to the Eye (Act II)	"
"	Haunted	"
"	the piano of the old seaman	"
"	The Book of Floating	"
"	Jazz Band With Jazz Hands	"
"	First	"
"	ha'zman	"
"	One	"
"	jingles interludes et dimanche minuit"
"	The Anticipation Of Spring	"
"	A TOUGH DECISION	"
"	SELF REFLECT	"
"	Woody Allen	"
"	Slow Motion Strut Version Two	"
"	Train	"
"	 Serenade for Strings Op22 in E Major larghetto	"
"	HURRY UP AND RAIN	"