"	A Little Too Fast	"
"	What Circle Where	"
"	Gay_Bar_videogame	"
"	Butterfly	"
"	Who Are You	"
"	Le Gateau Au Yaourt	"
"	 Ride The Tide	"
"	No Slow Dancing	"
"	City Sounds	"
"	West Bank	"
"	Window #3	"
"	Simon Cowell	"
"	Ghost Transference	"
"	Sunday Lovers	"
"	Waha	"
"	Beach Point Pleasant	"
"	Cinq	"
"	Marty Feldman	"
"	Birthday Cake	"
"	Son Of A Systems Engineer Manager	"
"	 Christmas Day With Me	"
"	Ftgrr	"
"	Lost	"
"	El barz√≥n	"
"	Tourist Shooting Tar Balls	"
"	Wild & You	"
"	re bitterfly	"
"	LightLivid "
"	In Fielder	"
"	Tilly's Punctured Romancer	"
"	Wallflower	"
"	You Want It	"
"	Untold Story	"
"	I Keep My Soul Alive with Different Kinds of Germs	"
"	I'll Keep It With Mine	"
"	Talk to me	"
"	Enel	"
"	Electrohood	"
"	Rocky 5000	"
"	Fly By Night	"
"	Memories Are Made of This	"
"	Fun With Petroleum	"
"	Nicotine Blues	"
"	Wizball	"
"	The Great Giana Sisters (Piano cover)	"
"	High Buildings	"
"	Eating Baby Lions Nightmare	"
"	Strange Things	"
"	 Etam Etamski	"
"	Erebus (piano)	"
"	Through & Through	"
"	2"
"	The Other Man	"
"	Trick Pony (Live @ KEXP)	"
"	Alive	"
"	Delta	"
"	Se√±or Bomba	"
"	The End of Time	"
"	Polaroid	"
"	Love Me Like You	"
"	Basket Ball Get Your Groove Back (Live @ KEXP)	"
"	Saudades	"
"	cuts&bruises	"
"	Deep Thought Process	"
"	Ticking Away	"
"	Summer Song (Instrumental)	"
"	This Love's Got to Change	"
"	Kopeika	"
"	Computer	"
"	Stance Gives You Balance	"
"	The last ones	"
"	Old White Eye	"
"	Mariachi Bandits of Gatling Gun Ridge	"
"	Happening for Lulu	"
"	Requiem for a Fish	"
"	The Beach! The Beach!	"
"	Jupiter The Blue	"
"	North Sea Radio	"
"	Blackroad	"
"	arriba	"
"	No	"
"	One Man And His Piano	"
"	Naramiddu poita (feat	"
"	Wild Eyes (live @ WFMU)	"
"	Something In the Woods	"
"	You Can't Have It   Shinjuku Birdwalk	"
"	Exotica	"
"	Utopia (instrumental)	"
"	Jungle Law	"
"	Untitled 06	"
"	Everything Is Changing	"
"	Sambarama	"
"	Strange Italian Song	"
"	Photosphere	"
"	Flying Alaska V	"
 the  13 O' Clock in the Morning 
"	Mickey Maos	"
"	Crowning Of A Heart (Live @ KEXP)	"
"	Other Side	"
"	Plumy Tale	"
"	Thrashing In The Unknown	"
"	You should go on	"
"	Get My Fix (Morphamish Mix)	"
"	Santa Leone	"
"	Hey Grrl	"
"	Leelo (Part 1)	"
"	Favorite Secrets	"
"	Monday at 12	"
"	Bruce Lee (acoustic Jam)	"
"	Blind Eyes	"
"	Indian Summer	"
"	boss A	"
"	(Untitled 1)	"
"	Indyair	"
"	Helix Nebula	"
"	Union Square	"
"	Rotting Heights	"
"	Driftin' Around	"
"	I Had A Dream	"
"	Bar Trombone	"
"	The Pharaos' Theme	"
"	Swagg's & Elliot	"
"	Crucial Contact	"
"	Merry Christmas	"
"	Suck City	"
"	Absolutely Gorgeous	"
"	Deck the Halls	"
"	Tell The Police The Truth	"
"	Bottums Up	"
"	Tripped & Fell In Love (instrumental)	"
"	Zebra (Live @ KEXP)	"
"	Girl	"
"	Hit and Run	"
"	The Pull	"
"	piste quatre	"
"	El Tranv√≠a	"
"	Moving Away	"
"	Stance Gives You Power	"
"	Engine #3 (Morphamish Remix)	"
"	Honte De Toi	"
"	Fireworks	"
"	Monster On Campus	"
"	So Easy	"
"	 Single	"