"	Dedicated to Leroy Jenkins	"
"	Flight of the Moth	"
"	Transmutation Of Metals	"
"	Birth	"
"	 BWV 846	"
"	Seven	"
"	Gammelvals	"
"	After The Week I've Had	"
"	Silent Night	"
"	Ave formosissima ‚Äî O Fortuna (reprise)	"
"	Valediction	"
"	 Entrance to the Queen of Sheba for Two Oboes Strings and Continuo allegro "
"	Traumatic Childhood	"
"	Micro Composition 10	"
"	Chasing Time	"
"	Winter Mvt 3 Allegro	"
"	Dance!	"
"	Original Rags (1900 piano roll) "
"	Wine Wine Wine	"
"	ChainSmoke Days	"
"	Detroit	"
"	The Entertainer (1902 piano roll) "
"	House Rent Jump	"
"	Emmet's Cuckoo Song	"
"	SOLO ACOUSTIC GUITAR	"
"	Swan Song	"
"	I Do Like To Be Beside The Seaside (1907 piano roll) "
"	JENNY'S THEME	"
"	Western Country	"
"	Mochi	"
"	Rednecks with White Faces	"
"	Blackberry Hedge	"
"	ACOUSTIC BLUES	"
"	Party	"
"	Upper Room	"
"	The Smiler (1907Zonophone Concert Band) "
"	Have You Seen It 	"
"	Last Dance	"
"	Death Valley Waltz	"
" Z. Brewster	"
"	WORDS	"
"	Pine Apple Rag (1908 piano roll) "
"	The City	"
"	Horror Show	"
"	Ayahuasca	"
"	Chinese Blues (1916 George Gershwin piano roll) "
"	Candy	"
"	My Friend	"
"	Obvious	"
"	RUNNING WATERS	"
"	What I Found	"
"	Never Turnin' Back (Live @ KEXP)	"
"	Danger Behind The Wheel (Live @ KEXP)	"
"	American English	"
"	Rose Room	"
"	Riding Down To Mexico	"
"	Frog Legs Rag (1906 piano roll)"
"	Turkey in the Straw	"
"	WHEELS	"
"	Theme for  The Mad Thinker 	"
"	Neighborhood Funeral Dress	"
"	Ghostwriter	"
"	Wild Guide	"
"	TRAVEL LIGHT	"
"	Ox Driving Song	"
"	Scotland the Brave	"
"	The River	"
"	Rose Water	"
"	Emergency Exit	"
"	Frog In The Well	"
"	99 Chicks	"
"	Necr√≥fago	"
"	I Wanna Say Hello	"
"	Pilgim Song (Live @ KEXP)	"
"	SERENITY	"
"	Birmingham Jail	"
"	THINGAMAJIG	"
"	Ricky Dee	"
"	Imna 'Merican	"
"	Cars and Parties	"
"	Loco Two	"
"	FUNKY JUNKY	"
"	Live at the Winston	"
"	Childhood Days	"
"	Help You (Live @ KEXP)	"
"	Rock n Roll McDonald's	"
"	Southern Gothic	"
"	ROCKY TOP	"
"	30 Days in the Workhouse	"
"	Columbine	"
"	ACOUSTIC MEDITATION	"
"	Clear Blue Sky	"
"	ONE FINE DAY	"
"	You Shake Me	"
"	TENNESEE HAYRIDE	"
"	Goodbye Old Paint	"
"	I Wish I Was A Headlight	"
"	There Were Some Famous Artists	"
"	BACK TO THE WOODS	"
"	Talk About Suffering	"
"	Birmingham Jail	"
"	 If Not For Your Sweet Heart 	"
"	Check Girl	"
"	SNAPPY	"
"	Red Clay Road	"
"	Love Song To Little Trees	"
"	Bed	"
"	NICE AND EASY	"
"	AUTUMN SUNSET	"
"	RIVER MEDITATION	"
"	MOUNTAIN SUN	"
"	Waterbound	"
"	Dirty Fingernails	"
"	After Today	"
"	Better Do It Now	"
"	Mr	"
"	Little Wooden Church	"
"	Will	"
"	Runaway Puppy	"
"	Gambler's Blues	"
"	Bit a Bullet	"
"	Night Owl	"
"	Deep Sky Blue	"
"	Chantiers Navals 412	"
"	Five Minutes at the Rainforest Cafe	"
"	 DnB Mix (Germany)	"
"	Neuroleptic trio instrumental 5	"
"	Whirlwind Dance	"
"	As Colorful As Ever	"
"	Memories Of Thailand (Beat Doctor's 'stuck in Britain' remix)	"
"	Midori	"
"	Another Position (original mix)	"
"	Ode To A Baby Snowstorm	"
"	Lysine	"
"	Spectrum (Subdiffusion Mix)	"
"	Mercy	"
"	Waking Up (Instrumental)	"
"	Run The Tape	"
"	Something Elated	"
"	Quittin' Time	"
"	Flying pea v	"
"	Calm The Fuck Down	"
"	Presenterator	"
"	My God Those Legs	"
"	 april deegee rmx	"
"	snow world under the white moon	"
"	Twinkling	"
"	Dubsteady	"
"	Please Mind the Dubstep	"
"	over and under	"
"	90	"
"	Moonlight and Roses	"
"	My Pretty Looking Clothes	"
"	Stars	"
"	Whispering Through	"
"	Enthusiast	"
"	How Exciting	"
"	Divider	"
"	Black Gloves	"
"	Dub steps	"
"	Barbarian	"
"	Warm Up Suit	"
"	raw instrumental pt	"
"	Night Beach	"
"	Oh Wee	"
"	Singing Forest	"
"	 Arrogalla remix feat Andrea Congia]	"
"	People Living And Leaving Big Citys	"
"	Casual Graphic Designer	"
"	Destination	"
"	simple	"
"	Grief And Sleep	"
"	Smoothest Runes	"
"	La (instrumental)	"
"	Only Instrumental	"
"	Steppin	"
"	Expedition Chant Cup	"
"	Crack in Time	"
"	Night Fly	"
"	Cryin in the Delta Wind	"
"	Inner Demon	"
"	Ocean Breeze	"
"	Ironic (feat	"
"	Overlay Star	"
"	Ropes	"
"	Forever falling up	"
"	Runtime error	"
"	Hiss	"
"	Knock Knock	"
"	I	"
"	SmurfPulser	"
"	Ooo	"
"	Night Drive	"
"	Initiation	"
"	Not Found (Invisible)	"
"	entry	"
"	Seeing The Future	"
"	LA	"
"	Got Me (club mix)	"
"	Coral Reef	"