"	Neurociencia	"
"	D2	"
"	Cold Summer Landscape	"
"	Pink Fuzz!	"
"	Chico (The Way Out)	"
"	Beryllos	"
"	summer	"
"	Garden Theme	"
"	OutroDub	"
"	The Beat Goes On	"
"	Drown	"
"	Bayview	"
"	ÿßŸÑŸÇÿ∞ÿßŸÅŸä ÿßŸÑÿßŸîŸÖÿßÿ≤ŸàŸÜ ÿßŸÑÿ≠ÿ±ÿ≥	"
"	Behind The Seas	"
"	Capulet	"
"	Big Gay Water Fight	"
"	Rebetikaud	"
"	Like Home	"
"	MŒµ Œ†ŒπŒ¨ŒΩŒøœÖŒΩŒµ ŒñŒ±ŒªŒ¨Œ¥ŒµœÇ	"
"	Rast'e Tou Teke	"
"	Dream (instrumental)	"
"	SIDEWALK	"
"	Hash Smugglers Blues	"
"	Burning School	"
"	MDMA (Pt	"
"	Broken Spell	"
"	Old Strange	"
"	New Rembetika   14	"
"	Love	"
"	Black Eyes	"
"	(h) Banjo Arba Minch Garden	"
"	A Stranger's Map of Texas	"
"	TV Dinner	"
"	The Tropical Lounge Prayer Directory	"
"	Sally in the Garden Sifting Sand	"
"	Don't You Want to Go to HeavenUncle Sam  "
"	Efoumernam Ena Vradi	"
"	Trouba	"
"	Day Into Night	"
"	It's all right	"
"	Titanic	"
"	Harmless Blues	"
"	Wave Graves	"
"	Views of The Holy & Divine	"
"	Life on the Odyssean Wave	"
"	Good Night Heart	"
"	Vanlig	"
"	La Minor Live at Pacific Parc Vol	"
"	Solemn Ground	"
"	Sousta Politiki	"
"	The Incredible Infection of Unintended Invection	"
"	Cattails	"
"	Look inside	"
"	The Surveyor	"
"	Grass Above My Head	"
"	Mona Lisa	"
"	12 MORNINGS	"
"	Stin Ypoga	"
"	The Bright New Year (By Bert Jansch)	"
"	Hemoglobin (Live at the Tonic Room)	"
"	Whoopee Ti Yi Yo	"
"	Tape Eater	"
"	Di Hei Hei (sung by Po Sun Yi)	"
"	Wafternoon	"
"	Joke	"
"	32 Ford	"
"	Flirt	"
"	Ice Cream	"
"	Past Has Not Passed	"
"	Adinatisa O Kaymenos	"
"	Eter	"
"	Shine	"
"	Car Crash	"
"	Wild Horse of Stony Point	"
"	Going to	"
"	I Want To Destroy Something Beautiful	"
"	Talking	"
"	Hot Kettle and a Lonely Gun	"
"	A Clean Slate	"
"	Aqua	"
"	The Blender is Not Built For That	"
"	Zoo	"
"	Anniversary	"
"	Night Ahead	"
"	Hungaria	"
"	Volksing Ferretismico	"
"	Lansdowne	"
"	Forward	"
"	If I Can't Dance It's Not My Revolution	"
"	The Third Man Theme (Live @ KEXP)	"
"	It smells like Chamomile Tea	"
"	Winter Sunshine	"
"	Indian Summer	"
"	¬°Qu√© Paciencia!	"
"	Thriller Iller	"
"	By the Coast (2004)	"
"	Mutatis Mutandis	"
"	Backed Vibes Clean	"
"	Scattered Knowledge	"
"	Swing 39	"
"	I Remember You	"
"	City Tail	"
"	Balancing Act	"
"	Don't Rush	"
"	Jazz Club	"
"	asrealasitgets2)	"
"	when	"
"	Ponky Fonky Ferret	"
"	AcidJazz	"
"	05 CherryBlossom	"
"	Are	"
"	Rythme Gitan	"
"	Rail Star Mode	"
"	Cable Swingin' Ferret	"
"	Sweet Georgia Brown	"
"	Crackle & Pop	"
"	I Can't Behave	"
"	LordDa Mercy	"
"	Menilmontant	"
"	Vibe Ace	"
"	Mirando Hacia Atr√°s	"
"	Songe D'Automne	"
"	Meetin' & Movin'	"
"	Chosen Kale Mazel Tov	"
"	Neuroleptic trio instrumental 6	"
"	Devil with the Devil	"
"	Resonance	"
"	magic of fog	"
"	George	"
"	is there anybody out there	"
"	Balancing Act Chosen Kale Mazel Tov "
"	Irresistible Yvette (with Les Gauchers Quintet)	"
"	M (2003)	"
"	Infant Holy Infant Lowly "
"	Hard Time Killing Floor Blues	"
"	Boudougou	"
"	Impressive	"
"	Track 6	"
"	Extraordinary Vibe	"
"	VA Riding (Single Edit)	"
"	The Keeper (Live @ KEXP)	"
"	SYMPHONIC SLIDE	"
"	Moon Dream (Extended Mix)	"
"	Shipyard	"
"	Arana	"
"	Monkeys have arrived	"
"	Amari Szi	"
"	Prelude #2 in A Minor (Chopin)	"
"	NO MATH 7	"
"	Jovanko	"
"	They Enter Through the Ear	"
"	Dances and Dames	"
"	As I Figure	"
"	parte 1 parte 4 "
"	In The Techno Tent	"
"	PULLING MYSELF UP THROUGH	"
"	Underscore Underwear	"
"	Cocek	"
"	Transparente	"
"	Mic Check	"
"	Orbiting A Distant Planet	"
"	April Showers	"
"	RSJFoundation live at Pacific Parc	"
"	Octopus	"
"	Trio Take 5	"
"	THE HAPPIEST LIFE	"
"	Magdalena	"
"	Pepper Spray Blues	"
"	Mircoobee	"
"	D≈æejbe D≈æejbe	"
"	Dobur Vecher	"
"	Mad About You	"
"	Sandu	"
"	Invisible Walls	"
"	 Sax	"
"	Some Other Place	"
"	Blue Draggish	"
"	Balcarabic Chicken	"
"	Futoristico	"
"	Broken String	"
"	 Nitro	"
"	Tasky	"
"	Capad√≥cia	"
"	Maia	"
"	My Blackbirds Are Bluebirds Now	"
"	bruch	"
"	Night City	"
"	Big Fun (New Ruckus)	"
"	Street Song  Honga	"
"	Lips	"
"	Freeway	"
"	Ou Inme	"
"	Frozen Egg	"
"	Siesta	"
"	Vogelbird	"
"	kirblooey	"
"	Chaos	"
"	The Island Song	"
"	In The Early Months Of The Emergency	"
"	Through The Haze Of The Green Glasses	"